{
    "vertices":[0.93753,-0.655502,-1.42104,0.93753,-0.655502,1.42104,-0.93753,-0.655502,1.42104,-0.93753,-0.655502,-1.42104,0.937531,0.655502,-1.42104,0.93753,0.655502,1.42104,-0.937531,0.655502,1.42104,-0.93753,0.655502,-1.42104,1,-0.655502,1.34308,-1,-0.655502,1.34308,0.999999,0.655502,1.34308,-1,0.655502,1.34308,-1,-0.655502,-1.32553,-1,0.655502,-1.32553,1,-0.655502,-1.32553,1,0.655502,-1.32553,0.8,-0.655502,-1.49231,0.8,-0.655502,1.49231,0.8,0.655502,-1.49231,0.799999,0.655502,1.49232,0.799999,0.655502,1.34308,0.8,-0.655502,1.34308,0.8,-0.655502,-1.32553,0.8,0.655502,-1.32553,-0.82,-0.655502,-1.49232,-0.82,-0.655502,1.49231,-0.82,0.655502,-1.49231,-0.82,0.655502,1.49231,-0.82,-0.655502,1.34308,-0.82,-0.655502,-1.32553,-0.82,0.655502,1.34308,-0.82,0.655502,-1.32553,1,-0.655502,0.115148,1,0.655502,0.11515,-1,-0.655502,0.115147,-1,0.655502,0.115147,0.8,-0.655502,0.115148,0.8,0.655502,0.11515,-0.82,-0.655502,0.115147,-0.82,0.655502,0.115148,-1,-0.655502,-0.231029,-1,0.655502,-0.231028,0.8,-0.655502,-0.231028,-0.82,-0.655502,-0.231029,1,-0.655502,-0.231028,1,0.655502,-0.231026,0.8,0.655502,-0.231026,-0.82,0.655502,-0.231028,1,1.25177,-0.231026,1,1.25177,0.11515,0.8,1.25177,-0.231026,0.8,1.25177,0.11515,-0.82,1.25177,-0.231028,-0.82,1.25177,0.115148,-1,1.25177,0.115147,-1,1.25177,-0.231028,1,1.25177,-0.231026,1,1.25177,0.11515,0.8,1.25177,-0.231026,0.8,1.25177,0.11515,-0.82,1.25177,-0.231028,-0.82,1.25177,0.115148,-1,1.25177,0.115147,-1,1.25177,-0.231028,1,1.37025,-0.231026,1,1.37025,0.11515,-1,1.37025,0.115147,-1,1.37025,-0.231028,0.00481,1.83303,0.115149,0.00481,1.83303,-0.231027,0.00481,1.95151,0.115149,0.00481,1.95151,-0.231027,0.502405,1.68069,-0.231026,0.502405,1.79917,-0.231026,0.502405,1.68069,0.115149,0.502405,1.79917,0.115149,-0.497595,1.68069,0.115148,-0.497595,1.79917,0.115148,-0.497595,1.68069,-0.231028,-0.497595,1.79917,-0.231028,-0.82,-0.328237,1.34308,0.799999,-0.328237,1.34308,-0.82,-0.328237,-1.32553,0.8,-0.328237,-1.32553,0.8,-0.328237,0.11515,-0.82,-0.328237,0.115148,0.8,-0.328237,-0.231026,-0.82,-0.328237,-0.231028],
    "uvs":[],
    "normals":[0,-1,0,-0.20426,-0.651234,0.730857,-0.489639,-0.669912,0.558061,-0.725272,-0.639546,0.254738,0.301492,0.904508,-0.301492,-0.725272,0.639546,0.254738,-0.489639,0.669912,0.558061,-0.20426,0.651234,0.730857,0.725272,-0.639546,0.254738,0.725272,0.639546,0.254738,0.47441,0.66332,0.578692,0.47441,-0.66332,0.578692,-0.72982,-0.648122,-0.217475,-0.72982,0.648091,-0.217475,-0.521775,0.660482,-0.539872,-0.521775,-0.660482,-0.539872,-0.20426,0.651234,-0.730857,-0.20426,-0.651234,-0.730857,0.707083,-0.707083,0,0.904508,0.301492,0.301492,-0.904508,0.301492,0.301492,-0.707083,-0.707083,0,0.301492,0.904508,0.301492,0.507096,-0.654164,-0.561144,0.507096,0.654164,-0.561144,0.72982,0.648122,-0.217475,0.72982,-0.648122,-0.217475,-0.904508,0.301492,-0.301492,0.178411,0.657491,-0.732017,-0.301492,0.904508,0.301492,0.178411,-0.657491,-0.732017,-0.301492,0.904508,-0.301492,0.178411,0.657491,0.732017,0.178411,-0.657491,0.732017,0.904508,0.301492,-0.301492,0.707083,0.707083,0,0.577349,0.577349,0.577349,-0.577349,0.577349,-0.577349,0.577349,0.577349,-0.577349,-0.707083,0,0.707083,0.707083,0,0.707083,-0.316202,0,0.948668,-0.707083,0.707083,0,0.316202,0,0.948668,-0.424268,0.849696,0.312967,0.301492,0.301492,0.904508,-0.207556,0.415662,0.885495,-0.395703,0.395703,0.82873,-0.738792,0.386608,0.551958,-0.234016,0.12244,0.964476,-0.421369,0.421369,0.803034,-0.24012,0.175298,0.954772,-0.710196,-0.325419,0.624256,-0.361431,-0.654958,0.663594,0.358898,-0.656148,-0.663808,0.709677,-0.32725,-0.623859,0.709677,-0.32725,0.623859,0.358898,-0.656148,0.663808,-0.710196,-0.325419,-0.624256,-0.355632,0.508499,-0.784143,-0.24012,0.175298,-0.954772,0.000824,0.627064,-0.778954,-0.001007,-0.762474,-0.646992,-0.361431,-0.654958,-0.663594,-0.001007,-0.762474,0.646992,-0.355632,0.508499,0.784143,0.000824,0.627064,0.778954,-0.577349,0.577349,0.577349],
    "metadata":{
        "vertices":88,
        "uvs":0,
        "version":3,
        "type":"Geometry",
        "normals":68,
        "generator":"io_three",
        "faces":92
    },
    "faces":[33,28,25,2,9,0,1,2,3,33,30,11,6,27,4,5,6,7,33,8,10,5,1,8,9,10,11,33,25,27,6,2,1,7,6,2,33,12,13,7,3,12,13,14,15,33,26,24,3,7,16,17,15,14,33,2,6,11,9,2,6,5,3,33,32,33,10,8,18,19,9,8,33,39,35,11,30,19,20,5,4,33,38,28,9,34,0,0,3,21,33,24,29,12,3,17,0,12,15,33,26,7,13,31,16,14,13,22,33,0,4,15,14,23,24,25,26,33,40,41,13,12,21,27,13,12,33,4,18,23,15,24,28,29,25,33,0,14,22,16,23,26,0,30,33,32,8,21,36,18,8,0,0,33,33,37,20,10,19,20,31,9,33,4,0,16,18,24,23,30,28,33,1,5,19,17,11,10,32,33,33,10,20,19,5,9,31,32,10,33,8,1,17,21,8,11,33,0,33,18,26,31,23,28,16,22,29,33,16,22,29,24,30,0,0,17,33,36,21,28,38,0,0,0,0,33,31,47,87,82,22,34,35,36,33,18,16,24,26,28,30,17,16,33,17,19,27,25,33,32,7,1,33,20,30,27,19,31,4,7,32,33,21,17,25,28,0,33,1,0,33,30,20,81,80,4,31,37,38,33,42,36,38,43,0,0,0,0,33,47,41,55,52,34,27,39,40,33,44,32,36,42,18,18,0,0,33,9,11,35,34,3,5,20,21,33,43,38,34,40,0,0,21,21,33,46,37,51,50,27,20,41,39,33,44,45,33,32,18,34,19,18,33,14,15,45,44,26,25,34,18,33,31,13,41,47,22,13,27,34,33,29,43,40,12,0,0,21,12,33,14,44,42,22,26,18,0,0,33,15,23,46,45,25,29,27,34,33,22,42,43,29,0,0,0,0,33,37,46,86,84,20,27,42,42,33,34,35,41,40,21,20,27,21,33,54,53,61,62,41,43,44,36,33,52,55,63,60,40,39,45,46,33,35,39,53,54,20,19,43,41,33,33,45,48,49,19,34,40,43,33,37,33,49,51,20,19,43,41,33,45,46,50,48,34,27,39,40,33,41,35,54,55,27,20,41,39,33,39,47,52,53,19,34,40,43,33,56,58,59,57,47,48,49,50,33,60,63,62,61,46,45,36,44,33,53,52,60,61,43,40,46,44,33,49,48,56,57,43,40,47,50,33,48,50,58,56,40,39,48,47,33,55,54,62,63,39,41,36,45,33,51,49,57,59,41,43,50,49,33,50,51,59,58,39,41,49,48,33,72,56,64,73,51,47,52,53,33,77,66,67,79,54,55,56,57,33,56,57,65,64,47,50,58,52,33,62,63,67,66,36,45,56,55,33,76,62,66,77,59,36,55,54,33,74,68,70,75,60,61,62,63,33,75,70,71,73,63,62,64,53,33,78,69,71,79,65,66,64,57,33,65,75,73,64,58,63,53,52,33,57,74,75,65,50,60,63,58,33,69,72,73,71,66,51,53,64,33,63,78,79,67,45,65,57,56,33,68,76,77,70,61,59,54,62,33,70,77,79,71,62,54,57,64,33,74,72,58,59,60,51,48,49,32,58,72,56,48,51,47,32,74,59,57,60,49,50,33,74,72,69,68,60,51,66,61,33,78,76,68,69,65,59,61,66,33,76,78,60,61,59,65,46,44,32,62,76,61,36,59,44,32,78,63,60,65,45,46,33,84,85,80,81,42,35,38,37,33,86,87,85,84,42,35,35,42,33,83,82,87,86,67,36,35,42,33,20,37,84,81,31,20,42,37,33,23,31,82,83,29,22,36,67,33,39,30,80,85,19,4,38,35,33,46,23,83,86,27,29,67,42,33,47,39,85,87,34,19,35,35],
    "name":"CubeGeometry"
}