{
    "normals":[-0.707083,0,-0.707083,0.699637,-0.021668,-0.714133,0.577349,-0.577349,-0.577349,-0.577349,-0.577349,-0.577349,0.703909,-0.710196,-0.009644,-0.707083,-0.707083,0,-0.870022,0.296304,0.393963,0.87112,0.282754,0.40144,0.596576,0.560717,0.574145,-0.577349,0.577349,0.577349,0.596576,0.560717,-0.574145,-0.577349,0.577349,-0.577349,0.602954,0.483322,0.634663,-0.593585,0.483718,0.643147,-0.577349,-0.577349,0.577349,0.585925,-0.575915,0.570055],
    "vertices":[0.506232,2.88808,-0.414455,0.506232,2.88808,0.252212,-1.0066,2.88808,0.252211,-1.0066,2.88808,-0.414456,-1.0066,2.22141,0.252211,-1.0066,2.22141,-0.414456,0.506232,2.22141,-0.414455,0.506232,2.22141,0.252212,0.504538,2.88808,-0.414455,0.504537,2.88808,0.252212,-1.00491,2.88808,0.252211,-1.00491,2.88808,-0.414456,-1.00491,2.22141,0.252211,-1.00491,2.22141,-0.414456,0.504538,2.22141,-0.414455,0.504537,2.22141,0.252212,-0.173668,-0.017269,-0.191838,-1.12861,2.22141,-0.414456,1.01524,2.22141,-0.081121,-1.12861,2.22141,-0.414456,0.175709,-0.017269,0.185144,0.175709,-0.017269,-0.191837,1.01524,2.22141,-0.081121,-0.173668,-0.017269,0.185144,0.119526,-1.24215,-0.191837,0.119526,-1.24215,0.185144,-0.173668,-1.24215,-0.191838,-0.173668,-1.24215,0.185144,0.119526,-0.922618,-0.191837,-0.173668,-0.922618,-0.191838,-0.173668,-0.922618,0.185144,0.119526,-0.922618,0.185144,0.131194,-1.24215,0.609841,-0.173668,-1.24215,0.609841,0.131194,-1.04526,0.609841,-0.173668,-1.04526,0.609841],
    "metadata":{
        "version":3,
        "normals":16,
        "vertices":36,
        "uvs":0,
        "generator":"io_three",
        "type":"Geometry",
        "faces":14
    },
    "faces":[33,29,28,24,26,0,1,2,3,33,24,25,27,26,2,4,5,3,33,30,29,26,27,6,0,3,5,33,28,31,25,24,1,7,4,2,33,20,23,30,31,8,9,6,7,33,21,20,31,28,10,8,7,1,33,23,16,29,30,9,11,0,6,33,16,21,28,29,11,10,1,0,33,34,35,33,32,12,13,14,15,33,31,30,35,34,7,6,13,12,33,30,27,33,35,6,5,14,13,33,25,31,34,32,4,7,12,15,33,27,25,32,33,5,4,15,14,33,23,20,21,16,9,8,10,11],
    "uvs":[]
}