{
    "normals":[0.54738,0.573443,-0.609485,-0.60799,0.523392,-0.596942,-0.747765,0.66393,0,-0.60799,0.523392,0.596942,0.54738,0.573443,0.609485,0.677328,0.735649,0,0.868618,-0.495407,0.005036,0.130253,-0.986969,-0.09415,-0.66393,-0.747765,0,0.921171,-0.389141,0,0.761895,-0.159856,0.627613,-0.731681,-0.259957,0.630085,0.679952,0.733238,0,0.554704,0.507401,0.659383,0,1,0,0.558702,0.454817,0.693503,0.401349,0.781823,0.477096,-0.404157,0.764794,0.501694],
    "vertices":[1.78404,1.45551,0.291968,0.271199,1.45551,0.291967,0.271199,1.45551,-0.374699,0.271199,0.788841,0.291967,0.271199,0.788841,-0.374699,1.78404,1.45551,0.291968,1.78404,0.788841,-0.374699,1.78234,1.45551,0.291968,0.272894,1.45551,0.291967,0.272894,1.45551,-0.374699,0.272894,0.788841,0.291967,0.272894,0.788841,-0.374699,1.78234,0.788841,-0.374699,2.29304,0.788841,-0.374698,2.29304,0.788841,0.291969,2.29304,0.788841,-0.041365,1.90604,0.788841,-0.374698,1.90604,0.788841,0.291968,1.90604,0.788841,-0.041365,2.29304,0.788841,-0.041365,2.29304,0.788841,0.291969,1.90604,0.788841,0.291968,2.29304,0.788841,-0.374698,1.90604,0.788841,-0.374698,1.90604,0.788841,-0.041365,2.29304,0.788841,-0.041365,2.29304,0.788841,0.291969,1.90604,0.788841,0.291968,2.29304,0.788841,-0.374698,1.90604,0.788841,-0.374698,1.90604,0.788841,-0.041365,-0.237805,0.018775,-0.041366,-0.237805,0.018775,-0.22489,0.149194,0.018775,-0.22489,0.149194,0.018775,0.142158,-0.237805,0.018775,0.142158,0.149194,0.018775,-0.041366,-0.105081,-1.09497,-0.041366,-0.105081,-1.09497,-0.127658,0.241327,-1.09497,-0.127658,0.241327,-1.09497,0.044927,-0.105081,-1.09497,0.044926,0.241327,-1.09497,-0.041366,-0.104965,-1.43971,-0.041366,-0.104965,-1.43971,-0.277474,0.26736,-1.43971,-0.277474,0.26736,-1.43971,0.194743,-0.104965,-1.43971,0.194743,0.26736,-1.43971,-0.041366],
    "metadata":{
        "version":3,
        "normals":18,
        "vertices":49,
        "uvs":0,
        "generator":"io_three",
        "type":"Geometry",
        "faces":22
    },
    "faces":[32,33,32,31,0,1,2,32,31,35,34,2,3,4,32,36,33,31,5,0,2,32,31,34,36,2,4,5,33,32,33,39,38,1,0,6,7,33,31,32,38,37,2,1,7,8,33,42,40,41,37,9,10,11,8,33,39,42,37,38,6,9,8,7,33,35,31,37,41,3,2,8,11,33,33,36,42,39,0,5,9,6,33,34,35,41,40,4,3,11,10,33,36,34,40,42,5,4,10,9,33,39,42,48,45,6,9,12,13,33,38,37,43,44,7,8,14,15,33,42,40,46,48,9,10,16,12,33,39,38,44,45,6,7,15,13,33,41,37,43,47,11,8,14,17,33,40,41,47,46,10,11,17,16,32,45,44,43,13,15,14,32,43,47,46,14,17,16,32,48,45,43,12,13,14,32,43,46,48,14,16,12],
    "uvs":[]
}