{
    "uvs":[],
    "vertices":[0.182616,0.656407,-0.363819,0.182615,0.656407,0.302847,0.182616,0.656407,-0.030486,-0.204383,0.656407,-0.363819,-0.204383,0.656407,0.302847,-0.204383,0.656407,-0.030486,0.182616,0.656407,-0.030486,0.182615,0.656407,0.302847,-0.204383,0.656407,0.302847,0.182616,0.656407,-0.363819,-0.204383,0.656407,-0.363819,-0.204383,0.656407,-0.030486,0.182616,-0.113659,-0.030486,0.182615,-0.113659,0.153038,-0.204383,-0.113659,0.153037,0.182616,-0.113659,-0.21401,-0.204383,-0.113659,-0.21401,-0.204383,-0.113659,-0.030486,0.049891,-1.22741,-0.030486,0.049891,-1.22741,0.055806,-0.296517,-1.22741,0.055806,0.049891,-1.22741,-0.116778,-0.296517,-1.22741,-0.116778,-0.296517,-1.22741,-0.030486,0.049776,-1.57214,-0.030486,0.049776,-1.57214,0.205623,-0.322549,-1.57214,0.205622,0.049776,-1.57214,-0.266595,-0.322549,-1.57214,-0.266595,-0.322549,-1.57214,-0.030486],
    "faces":[32,14,13,12,0,1,2,32,12,15,16,2,3,4,32,17,14,12,5,0,2,32,12,16,17,2,4,5,33,13,14,20,19,1,0,6,7,33,16,15,21,22,4,3,8,9,33,23,22,21,18,10,9,8,11,33,20,23,18,19,6,10,11,7,33,14,17,23,20,0,5,10,6,33,15,12,18,21,3,2,11,8,33,12,13,19,18,2,1,7,11,33,17,16,22,23,5,4,9,10,33,21,18,24,27,8,11,12,13,33,18,19,25,24,11,7,14,12,33,21,22,28,27,8,9,15,13,33,20,19,25,26,6,7,14,16,33,20,23,29,26,6,10,17,16,33,23,22,28,29,10,9,15,17,32,24,25,26,12,14,16,32,29,28,27,17,15,13,32,24,26,29,12,16,17,32,29,27,24,17,13,12],
    "metadata":{
        "version":3,
        "uvs":0,
        "vertices":30,
        "type":"Geometry",
        "normals":18,
        "faces":22,
        "generator":"io_three"
    },
    "normals":[-0.54738,0.573443,0.609485,0.60799,0.523392,0.596942,0.747765,0.66393,0,0.60799,0.523392,-0.596942,-0.54738,0.573443,-0.609485,-0.677328,0.735649,0,-0.868618,-0.495407,-0.005036,0.817774,-0.572893,0.054598,0.817774,-0.572893,-0.054598,-0.868618,-0.495407,0.005036,-0.921171,-0.389141,0,0.872005,-0.489456,0,0.706961,-0.707205,0,0.404096,-0.764916,0.501572,0.404096,-0.764916,-0.501572,-0.421003,-0.756493,0.500443,-0.421003,-0.756493,-0.500443,-0.733268,-0.679891,0]
}