{
    "metadata":{
        "version":3,
        "normals":39,
        "uvs":0,
        "generator":"io_three",
        "vertices":51,
        "type":"Geometry",
        "faces":56
    },
    "normals":[0,0,1,0,0.707083,0.707083,0,-0.707083,0.707083,0,0.316202,0.948668,0,-0.316202,0.948668,0.125217,0.146489,-0.981231,0.11243,0.878628,-0.464034,0.4326,0.780206,-0.451766,0.687857,0.248146,-0.682058,0.780999,-0.580279,0.230781,0.780999,-0.580279,-0.230781,0,-0.0965,-0.995331,-0.988678,-0.132664,-0.069918,0.90347,0.335276,-0.266976,-0.99411,0.097873,-0.046388,0,0,-1,0.90347,0.335276,0.267006,0.316202,0,0.948668,0,-0.242531,0.970122,0.976012,0.217658,0,0.53621,0.84405,0,0.4326,0.780206,0.451766,0.687857,0.248146,0.682058,0,1,0,0.11243,0.878628,0.464034,0.125217,0.146489,0.981231,0,-1,0,0.707083,0,0.707083,-0.281838,-0.061312,0.957488,0.281838,-0.061312,0.957488,-0.588122,-0.624073,0.514359,0.588122,-0.624073,0.514359,-0.646321,-0.140599,0.749962,0.646321,-0.140599,0.749962,0.588122,-0.624073,-0.514359,-0.588122,-0.624073,-0.514359,-0.707083,0,0.707083,-0.707083,-0.707083,0,0.707083,-0.707083,0],
    "uvs":[],
    "name":"CubeGeometry",
    "vertices":[0.756418,4.12469,-0.333333,0.756418,4.12469,0.333334,0.756418,3.45803,-0.333333,0.756418,3.45803,0.333334,0.756418,4.12469,-0.333333,0.756418,4.12469,0.333334,0.756418,3.45803,-0.333333,0.756418,3.45803,0.333334,0.754723,4.12469,-0.333333,0.754723,4.12469,0.333334,0.754723,3.45803,-0.333333,0.754723,3.45803,0.333334,1.10896,4.12469,-0.194125,1.10896,4.12469,0.194126,1.26542,3.45803,-0.333333,1.26542,3.45803,0.333334,0.754723,4.12469,0,0.754723,3.45803,0,0.754723,3.79136,-0.333333,0.754723,3.79136,0.333334,1.10896,4.12469,1e-06,1.26542,3.45803,1e-06,1.26542,3.79136,-0.333333,1.26542,3.79136,0.333334,0.878423,4.12469,-0.194126,0.878423,3.45803,-0.333333,0.878423,4.12469,0.194126,0.878423,3.45803,0.333334,0.878423,3.45803,0,0.878423,3.79136,0.333334,0.878423,4.12469,1e-06,1.26542,3.79136,1e-06,0.878423,3.79136,-0.333333,1.26542,3.45803,1e-06,1.26542,3.45803,0.333334,0.878423,3.45803,0.333334,1.26542,3.45803,-0.333333,0.878423,3.45803,-0.333333,0.878423,3.45803,0,1.26542,3.45803,1e-06,1.26542,3.45803,0.333334,0.878423,3.45803,0.333334,1.26542,3.45803,-0.333333,0.878423,3.45803,-0.333333,0.878423,3.45803,0,1.26542,2.68796,0,1.26542,2.68796,0.183524,0.878423,2.68796,0.183524,1.26542,2.68796,-0.183523,0.878423,2.68796,-0.183523,0.878423,2.68796,0],
    "faces":[33,1,3,7,5,0,0,1,2,33,3,2,6,7,0,0,3,1,33,0,1,5,4,0,0,2,4,33,2,0,4,6,0,0,4,3,33,32,24,12,22,5,6,7,8,32,8,4,5,9,4,2,32,5,9,16,2,10,11,32,5,16,8,2,11,9,32,9,5,7,10,2,1,32,7,11,19,1,12,13,32,7,19,9,1,13,10,32,11,7,6,12,1,3,32,6,10,17,3,14,15,32,6,17,11,3,15,12,32,10,6,4,14,3,4,32,4,8,18,4,9,16,32,4,18,10,4,16,14,33,15,27,35,34,17,18,0,0,33,31,20,13,23,19,20,21,22,33,30,26,13,20,23,24,21,20,33,29,27,15,23,25,18,17,22,33,27,28,38,35,18,2,0,0,33,11,17,28,27,12,15,2,18,33,17,10,25,28,15,14,26,2,33,26,29,23,13,24,25,22,21,33,9,19,29,26,10,13,25,24,33,19,11,27,29,13,12,18,25,33,24,30,20,12,6,23,20,7,33,8,16,30,24,9,11,23,6,33,16,9,26,30,11,10,24,23,33,21,31,23,15,27,19,22,17,33,14,22,31,21,27,8,19,27,33,22,12,20,31,8,7,20,19,33,25,32,22,14,26,5,8,27,33,10,18,32,25,14,16,5,26,33,18,8,24,32,16,9,6,5,33,34,35,41,40,0,0,28,29,33,28,25,37,38,2,26,0,0,33,21,15,34,33,27,17,0,0,33,14,21,33,36,27,27,0,0,33,25,14,36,37,26,27,0,0,33,40,41,47,46,29,28,30,31,33,43,42,48,49,32,33,34,35,33,35,38,44,41,0,0,36,28,33,36,33,39,42,0,0,27,33,33,33,34,40,39,0,0,29,27,33,38,37,43,44,0,0,32,36,33,37,36,42,43,0,0,33,32,33,41,44,50,47,28,36,37,30,33,42,39,45,48,33,27,38,34,33,39,40,46,45,27,29,31,38,33,44,43,49,50,36,32,35,37,32,45,46,47,38,31,30,32,50,49,48,37,35,34,32,45,47,50,38,30,37,32,50,48,45,37,34,38]
}