{
    "normals":[-0.607532,0.528031,0.59331,-0.597156,0.483688,-0.639821,-0.551164,-0.667348,-0.500809,-0.543474,-0.626148,0.559008,0.558794,0.569201,0.603107,0.596606,-0.58272,0.551775,0.552141,0.519089,-0.652394,0.607135,-0.619922,-0.497055],
    "vertices":[-0.197636,-0.005999,0.333838,-0.197636,-0.005999,-0.332829,1.08882,1.994,-0.332828,1.08882,1.994,0.333838,-0.424011,1.994,0.333838,-0.424011,1.994,-0.332829,-0.424011,1.32733,0.333838,-0.424011,1.32733,-0.332829,1.08882,1.32733,-0.332828,1.08882,1.32733,0.333838,0.212344,-0.005999,-0.332829,0.212344,-0.005999,0.333838,1.08713,1.994,-0.332828,1.08713,1.994,0.333838,-0.422317,1.994,0.333838,-0.422317,1.994,-0.332829,-0.422317,1.32733,0.333838,-0.422317,1.32733,-0.332829,1.08713,1.32733,-0.332828,1.08713,1.32733,0.333838,0.255889,-0.915531,-0.110211,-0.546017,1.32733,-0.332829,1.59783,1.32733,0.000505,-0.093488,-0.915531,0.266771,-0.546017,1.32733,-0.332829,-0.093488,-0.915531,-0.110211,1.59783,1.32733,0.000505,0.255889,-0.915531,0.266771],
    "metadata":{
        "version":3,
        "normals":8,
        "vertices":28,
        "uvs":0,
        "generator":"io_three",
        "type":"Geometry",
        "faces":6
    },
    "faces":[33,0,1,25,23,0,1,2,3,33,11,0,23,27,4,0,3,5,33,10,11,27,20,6,4,5,7,33,1,10,20,25,1,6,7,2,33,1,0,11,10,1,0,4,6,33,25,20,27,23,2,7,5,3],
    "uvs":[]
}