{
    "metadata":{
        "generator":"io_three",
        "version":3,
        "type":"Geometry",
        "vertices":145,
        "uvs":0,
        "faces":125,
        "normals":69
    },
    "normals":[0,-1,0,0,-0.707083,0.707083,-0.577349,-0.577349,0.577349,-0.894406,-0.447188,0,-0.336314,0.770806,0.541002,-0.333323,0.666646,0.666646,-0.577349,0.577349,0.577349,0,0.707083,0.707083,0.832026,0,0.554674,0.333323,0.666646,0.666646,0.577349,0.577349,0.577349,0.707083,0,0.707083,0,0,1,-0.707083,0,0.707083,-0.832026,0,0.554674,-0.577349,0.577349,-0.577349,-0.707083,0,-0.707083,-1,0,0,-0.577349,-0.577349,-0.577349,0,0.316202,0.948668,0,-0.316202,0.948668,0.577349,-0.577349,0.577349,0.894406,-0.447188,0,1,0,0,0.577349,-0.577349,-0.577349,0.707083,0,-0.707083,0.577349,0.577349,-0.577319,0.336314,0.770806,0.541002,0,0.707083,-0.707083,0.336314,0.770806,-0.541002,-0.336314,0.770806,-0.541002,-0.635487,-0.502121,-0.586474,0.571795,-0.435774,-0.695029,0,-0.707083,-0.707083,0.29078,-0.734428,0.613178,-0.643818,-0.508713,0.57152,0,1,0,0,0,-1,-0.669546,0.325632,-0.667562,-0.669546,0.325632,0.667562,-0.032502,0.577441,0.81576,-0.056063,0.995788,-0.072481,0.669546,0.325632,0.667562,0.032502,0.577441,0.81576,0.822748,-0.472945,0.315195,0.966155,-0.257881,0,0.661031,-0.349956,0.663717,-0.702506,-0.161199,0.693136,-0.912259,-0.209357,0.352,-0.535997,-0.308115,0.785974,0.338389,-0.883724,0.323222,0.396191,-0.899258,0.185186,-0.568224,-0.623066,0.537461,-0.549974,-0.597034,-0.583972,0.669546,0.325632,-0.667562,0.056063,0.995788,-0.072481,-0.338389,-0.883724,0.323222,-0.396191,-0.899258,0.185186,0.568224,-0.623066,0.537461,0.549974,-0.597034,-0.583972,-0.609973,0.510758,-0.605792,0.609973,0.510758,-0.605792,-0.609973,0.510758,0.605792,0.609973,0.510758,0.605792,0.407147,0.800775,0.439222,-0.407147,0.800775,0.439222,-0.407147,0.800775,-0.439222,0.407147,0.800775,-0.439222,0.577349,0.577349,-0.577349],
    "vertices":[0.756418,2.12469,-0.559611,0.756418,2.12469,0.574056,-0.756418,2.12469,0.574056,-0.756418,2.12469,-0.559612,0.756418,4.12469,-0.559611,0.756417,4.12469,0.574056,-0.756418,4.12469,0.574055,-0.756418,4.12469,-0.559611,0.756418,2.12469,-0.333333,0.756418,2.12469,0.333333,0.120062,2.12469,-0.559612,-0.120062,2.12469,-0.559612,0.756418,2.79136,-0.559611,0.756418,3.45803,-0.559611,0.120062,2.12469,0.574056,-0.120062,2.12469,0.574056,0.756418,2.79136,0.574056,0.756417,3.45803,0.574056,-0.756418,2.12469,0.333333,-0.756418,2.12469,-0.333334,-0.756418,2.79136,0.574056,-0.756418,3.45803,0.574056,-0.756418,2.79136,-0.559612,-0.756418,3.45803,-0.559612,0.756418,4.12469,-0.333333,0.756418,4.12469,0.333334,0.252139,4.12469,-0.559611,-0.252139,4.12469,-0.559611,0.252139,4.12469,0.574056,-0.25214,4.12469,0.574056,-0.756418,4.12469,0.333333,-0.756418,4.12469,-0.333334,-0.756418,2.79136,0.333333,-0.756418,2.79136,-0.333334,-0.756418,3.45803,0.333333,-0.756418,3.45803,-0.333334,0.252139,2.79136,0.574056,-0.252139,2.79136,0.574056,0.252139,3.45803,0.574056,-0.25214,3.45803,0.574056,0.756418,2.79136,-0.333333,0.756418,2.79136,0.333333,0.756418,3.45803,-0.333333,0.756418,3.45803,0.333334,0.162262,4.12469,-0.333333,0.162262,4.12469,0.333333,-0.162262,4.12469,-0.333333,-0.162262,4.12469,0.333333,0.120062,2.12469,-0.333334,-0.120062,2.12469,-0.333334,0.120062,2.12469,0.333333,-0.120062,2.12469,0.333333,0.321676,4.32121,-0.378488,0.321676,4.32121,0.378488,-0.321676,4.32121,-0.378488,-0.321676,4.32121,0.378488,0.756418,4.12469,-0.333333,0.756418,4.12469,0.333334,-0.756418,4.12469,0.333333,-0.756418,4.12469,-0.333334,-0.756418,3.45803,0.333333,-0.756418,3.45803,-0.333334,0.756418,3.45803,-0.333333,0.756418,3.45803,0.333334,0.754723,4.12469,-0.333333,0.754723,4.12469,0.333334,-0.754723,4.12469,0.333333,-0.754723,4.12469,-0.333334,-0.754723,3.45803,0.333333,-0.754723,3.45803,-0.333334,0.754723,3.45803,-0.333333,0.754723,3.45803,0.333334,-0.409958,4.74909,0.378488,-0.282935,4.93215,-0.256238,0.754723,4.12469,0,-0.754723,4.12469,-0,-0.754723,3.45803,-0,-0.754723,3.79136,0.333333,-0.754723,3.79136,-0.333334,0.754723,3.45803,0,0.754723,3.79136,-0.333333,0.754723,3.79136,0.333334,-0.409958,4.47479,0.378488,-0.282935,4.93215,0.256238,0.409958,4.47479,0.378488,0.878423,3.45803,0,-0.409958,4.47479,-0.378488,0.409958,4.47479,-0.378488,-1.26542,3.45803,0.333333,-0.409958,4.74909,-0.378488,0.409958,4.74909,0.378488,0.547325,4.84221,-0.507948,0.547325,4.84221,0.507948,0.409958,4.47479,-0.378488,0.409958,4.74909,-0.378488,-1.26542,3.45803,-1e-06,-1.26542,3.45803,-0.333334,-1.26542,3.45803,0.333333,0.282935,4.93215,0.256238,0.282935,4.84221,-0.256238,-0.282935,4.93215,0.256238,-0.409958,4.47479,-0.378488,-0.282935,4.84221,-0.256238,0.878423,3.45803,0,-1.26542,3.45803,0.333333,0.282935,4.93215,-0.256238,0.282935,4.93215,0.256238,0.287138,5.79999,-0.378488,-0.287138,5.79999,-0.378488,-0.287138,5.79999,0.378488,0.287138,5.79999,0.378488,0.287138,5.79999,-0.378488,-0.287138,5.79999,-0.378488,-0.287138,5.79999,0.378488,0.287138,5.79999,0.378488,0.287138,5.79999,-0.378488,-0.287138,5.79999,-0.378488,-0.287138,5.79999,0.378488,0.287138,5.79999,0.378488,0.287138,5.79999,-0.378488,0.287138,5.79999,0.378488,0.287138,5.09033,0.637827,0.287138,5.2756,0.637827,0.287138,5.09033,-0.635804,0.287138,5.2756,-0.635804,0.287138,5.79999,-0.378488,0.287138,5.79999,0.378488,0.287138,5.09033,0.637827,0.287138,5.2756,0.637827,0.287138,5.2756,-0.635804,0.287138,5.09033,-0.635804,-0.547325,4.84221,0.507948,-0.547325,4.84221,-0.507948,0.547325,4.9535,-0.507948,0.547325,4.9535,0.507948,-0.547325,4.9535,0.507948,-0.547325,4.9535,-0.507948,0.181582,5.06755,-0.202552,0.181582,5.06755,0.202552,-0.181583,5.06755,0.202552,-0.181582,5.06755,-0.202552,0.181582,5.33102,-0.202552,0.181582,5.33102,0.202552,-0.181583,5.33102,0.202552,-0.181582,5.33102,-0.202552],
    "uvs":[],
    "name":"CubeGeometry",