{
    "normals":[-0.87112,0.282815,0.401379,-0.703909,-0.710196,-0.009644,-0.585925,-0.575915,0.570055,-0.602954,0.483322,0.634663,-0.596484,0.560778,-0.574175,-0.596484,0.560778,0.574145,0.577349,0.577349,0.577349,0.577349,0.577349,-0.577349,0.577349,-0.577349,-0.577349,0.707083,-0.707083,0,-0.577349,-0.577349,-0.577349,0.870022,0.296304,0.393963,0.593585,0.483718,0.643147,-0.699667,-0.021577,-0.714103,0.707083,0,-0.707083,0.577349,-0.577349,0.577349],
    "vertices":[0.989689,2.84733,-0.392104,0.989689,2.84733,0.274563,-0.523146,2.84733,0.274562,-0.523146,2.84733,-0.392104,-0.523146,2.18066,0.274562,-0.523146,2.18066,-0.392105,0.989689,2.18066,-0.392104,0.989689,2.18066,0.274563,0.987995,2.84733,-0.392104,0.987995,2.84733,0.274563,-0.521452,2.84733,0.274562,-0.521452,2.84733,-0.392104,-0.521452,2.18066,0.274562,-0.521452,2.18066,-0.392105,0.987995,2.18066,-0.392104,0.987995,2.18066,0.274563,0.156754,-0.062206,-0.169486,-0.645152,2.18066,-0.392105,1.49869,2.18066,-0.05877,-0.192623,-0.062206,0.207495,-0.645152,2.18066,-0.392105,-0.192623,-0.062206,-0.169487,1.49869,2.18066,-0.05877,0.156754,-0.062206,0.207495,-0.13644,-1.28291,0.207495,-0.13644,-1.28291,-0.169486,0.156754,-1.28291,-0.169486,0.156754,-1.28291,0.207495,-0.13644,-0.971738,0.207495,0.156754,-0.971738,0.207495,0.156754,-0.971738,-0.169486,-0.13644,-0.971738,-0.169486,0.156754,-1.28291,0.632192,-0.148109,-1.28291,0.632192,-0.148109,-1.09438,0.632192,0.156754,-1.09438,0.632192],
    "metadata":{
        "version":3,
        "normals":16,
        "vertices":36,
        "uvs":0,
        "generator":"io_three",
        "type":"Geometry",
        "faces":14
    },
    "faces":[33,28,24,33,34,0,1,2,3,33,21,19,23,16,4,5,6,7,33,26,27,24,25,8,9,1,10,33,29,28,34,35,11,0,3,12,33,31,30,26,25,13,14,8,10,33,30,29,27,26,14,11,9,8,33,28,31,25,24,0,13,10,1,33,19,21,31,28,5,4,13,0,33,16,23,29,30,7,6,11,14,33,21,16,30,31,4,7,14,13,33,23,19,28,29,6,5,0,11,33,35,34,33,32,12,3,2,15,33,27,29,35,32,9,11,12,15,33,24,27,32,33,1,9,15,2],
    "uvs":[]
}