{
    "normals":[-0.558702,0.56914,0.603198,-0.552049,0.518815,-0.652699,-0.607257,-0.620075,-0.496689,-0.596698,-0.58272,0.551653,0.597247,0.483291,-0.640065,0.607654,0.527818,0.593402,0.543321,-0.626392,0.558916,0.551042,-0.667714,-0.500443],
    "vertices":[0.195612,-0.016818,-0.325245,0.195612,-0.016818,0.341421,0.421987,1.98318,-0.325245,0.421987,1.98318,0.341422,-1.09085,1.98318,0.341421,-1.09085,1.98318,-0.325245,-1.09085,1.31652,0.341421,-1.09085,1.31652,-0.325246,0.421987,1.31652,-0.325245,0.421987,1.31652,0.341422,-0.214368,-0.016818,-0.325245,-0.214368,-0.016818,0.341421,0.420293,1.98318,-0.325245,0.420293,1.98318,0.341422,-1.08915,1.98318,0.341421,-1.08915,1.98318,-0.325245,-1.08915,1.31652,0.341421,-1.08915,1.31652,-0.325246,0.420293,1.31652,-0.325245,0.420293,1.31652,0.341422,-0.257913,-0.922168,-0.102627,-1.21285,1.31652,-0.325246,0.930991,1.31652,0.008089,-1.21285,1.31652,-0.325246,0.091464,-0.922168,0.274354,0.091464,-0.922168,-0.102627,0.930991,1.31652,0.008089,-0.257913,-0.922168,0.274354],
    "metadata":{
        "version":3,
        "normals":8,
        "vertices":28,
        "uvs":0,
        "generator":"io_three",
        "type":"Geometry",
        "faces":6
    },
    "faces":[33,11,10,20,27,0,1,2,3,33,0,1,24,25,4,5,6,7,33,10,0,25,20,1,4,7,2,33,1,11,27,24,5,0,3,6,33,27,20,25,24,3,2,7,6,33,0,10,11,1,4,1,0,5],
    "uvs":[]
}