{
    "metadata":{
        "uvs":0,
        "normals":130,
        "version":3,
        "faces":209,
        "type":"Geometry",
        "generator":"io_three",
        "vertices":194
    },
    "uvs":[],
    "normals":[0,-1,0,0,1,0,1,0,1e-06,-1e-06,0,1,-1,-0,-0,-1,-0,-0,-1,-0,-0,-1,-0,-0,-1,-0,-0,-1,-0,-0,-1,-0,-0,-1,-0,-0,0,0,0,-0,-0,1,-0,0,1,-0,-0,1,-0,-0,1,-0,-0,1,-0,-0,1,-1e-06,-0,1,-1e-06,0,1,1,0,0,1,0,0,1,-0,0,1,0,0,1,-0,1e-06,1,0,0,1,-0,1e-06,0,-0.120305,-0.992737,0,1,0,0,-0,-1,-0.908215,-0,-0.418504,0,-0,-1,0.91939,-0.393347,0,-1e-06,-0.120305,0.992737,-0.91939,-0.393347,-0,-0,1,0,0,1,-0,0,-0,1,0,-0,1,1.8e-05,-0,1,0,0,-1,1e-06,0,-1,-0,-1,-0,0,0,-1,0,0,-1,1.8e-05,0,-1,0,-0,-1,0,0,-1,-1.8e-05,-0,-1,0,-1,-0,0,-0,1,0,-0,1,-1.8e-05,-0,1,-1,0,0,-0,-0,1,1,-0,0,1e-06,1,0,-1e-06,-0,1,0.447213,0,-0.894427,0,0,-1,0,0,-1,0,0,-1,0,0,-1,0,0,-1,0,0,-1,0,0,-1,0,0,-1,-0,-1,0,-1e-06,-0,1,-2e-06,-0,1,-2e-06,-0,1,1e-06,1,0,1,-0,0,1,-0,0,1,-0,0,-4e-06,1,-0,-4e-06,1,-0,-0,0,1,-1e-06,0,1,-1e-06,-0,1,-1,0,0,-1,-0,-0,1e-06,0,-1,2e-06,0,-1,2e-06,0,-1,0,0,-1,1e-06,0,-1,1e-06,0,-1,0.979018,0.203776,0,-0,0,1,-0.979018,0.203776,-0,-0.988594,-0.150607,-0,-0,0,1,0.988594,-0.150607,0,0,-0,-1,0,-0,-1,-1e-06,0,1,1e-06,-0,-1,-1,-0,0,0,-1,0,0,-1,0,-1,-0,0,1,0,0,-0,0,1,-1,-0,-0,1,0,0,1,0,0,-1,-0,-0,-1,-0,-0,1,-0,0,0,1,-0,0,-0,-1,1,0,0,-1,0,-0,-0.995336,-0.096471,-0,1,0,0,0,-0,-1,-0,0,1,-0,0,1,0.995293,-0.096913,0,-1,-0,-0,0,-0,-1,-0,0,1,-0,0,1,0,1,-0,1,0,0,-1,-0,-0,0.908215,-0,-0.418504,0,-1,-0],
    "faces":[33,51,15,2,18,0,0,0,0,33,47,30,6,29,1,1,1,1,33,43,25,5,17,2,2,2,2,33,39,29,6,21,3,3,3,3,33,35,31,7,23,4,4,4,4,33,19,33,22,3,5,5,5,5,33,33,35,23,22,6,6,6,6,33,2,20,32,18,7,7,7,7,33,18,32,33,19,8,8,8,8,33,20,21,34,32,9,9,9,9,33,32,34,35,33,10,10,10,10,33,21,6,30,34,11,11,11,11,33,31,35,61,59,12,12,12,12,33,15,37,20,2,13,13,13,13,33,37,39,21,20,14,14,14,14,33,1,16,36,14,15,15,15,15,33,14,36,37,15,16,16,16,16,33,16,17,38,36,17,17,17,17,33,36,38,39,37,18,18,18,18,33,17,5,28,38,19,19,19,19,33,38,28,29,39,20,20,20,20,33,9,41,16,1,21,21,21,21,33,41,43,17,16,22,22,22,22,33,0,12,40,8,23,23,23,23,33,8,40,41,9,24,24,24,24,33,12,13,42,40,25,25,25,25,33,40,42,43,41,26,26,26,26,33,13,4,24,42,27,27,27,27,33,25,43,63,57,12,12,12,12,33,25,45,28,5,1,1,1,1,33,45,47,29,28,1,1,1,1,33,4,26,44,24,1,1,1,1,33,24,44,45,25,1,1,1,1,33,26,27,46,44,1,1,1,1,33,44,46,54,52,28,28,28,28,33,27,7,31,46,29,29,29,29,33,46,31,30,47,29,29,29,29,33,11,49,19,3,0,0,0,0,33,183,182,170,175,30,30,30,30,33,0,8,48,10,0,0,0,0,33,10,48,49,11,0,0,0,0,33,178,172,187,190,31,31,31,31,33,48,50,51,49,0,0,0,0,33,9,1,14,50,0,0,0,0,33,50,14,15,51,0,0,0,0,33,119,118,116,114,32,32,32,32,33,45,44,52,53,33,33,33,33,33,47,45,53,55,34,34,34,34,33,46,47,55,54,35,35,35,35,32,69,61,60,36,36,36,32,60,68,82,1,1,1,32,60,82,69,37,37,37,32,67,59,61,38,38,38,32,61,69,84,39,39,39,32,61,84,67,40,40,40,33,30,31,59,58,12,12,12,12,33,43,42,62,63,12,12,12,12,33,35,34,60,61,12,12,12,12,33,24,25,57,56,12,12,12,12,33,42,24,56,62,12,12,12,12,33,34,30,58,60,12,12,12,12,33,113,92,75,91,41,41,41,41,33,112,100,76,98,42,42,42,42,32,64,56,57,43,43,43,32,57,65,80,0,0,0,32,57,80,64,0,0,0,32,65,57,63,44,44,44,32,63,71,87,45,45,45,32,63,87,65,46,46,46,32,71,63,62,1,1,1,32,62,70,85,36,36,36,32,62,85,71,1,1,1,32,68,60,58,47,47,47,32,58,66,83,48,48,48,32,58,83,68,49,49,49,32,66,58,59,0,0,0,32,59,67,81,43,43,43,32,59,81,66,50,50,50,32,70,62,56,51,51,51,32,56,64,86,52,52,52,32,56,86,70,53,53,53,33,111,88,73,91,54,54,54,54,33,79,103,129,128,12,12,12,12,33,109,95,72,90,55,55,55,55,33,108,93,73,88,36,36,36,36,33,107,96,77,99,56,56,56,56,33,106,102,77,96,57,57,57,57,33,105,103,79,99,58,58,58,58,33,92,110,133,124,12,12,12,12,32,10,11,3,1,1,1,32,22,23,7,59,59,59,32,10,3,22,60,60,60,32,12,0,10,61,61,61,32,26,4,13,62,62,62,32,13,12,10,63,63,63,32,10,22,7,64,64,64,32,27,26,13,65,65,65,32,10,7,27,66,66,66,32,27,13,10,67,67,67,33,103,104,132,129,12,12,12,12,33,71,85,104,103,68,68,68,68,33,85,70,101,104,68,68,68,68,33,102,105,99,77,69,69,69,69,33,65,87,105,102,70,70,70,70,33,87,71,103,105,71,71,71,71,33,100,106,96,76,72,72,72,72,33,64,80,106,100,1,1,1,1,33,80,65,102,106,1,1,1,1,33,97,107,99,79,73,73,73,73,33,78,98,107,97,74,74,74,74,33,98,76,96,107,75,75,75,75,33,95,108,88,72,36,36,36,36,33,66,81,108,95,76,76,76,76,33,81,67,93,108,77,77,77,77,33,94,109,90,74,78,78,78,78,33,68,83,109,94,79,79,79,79,33,83,66,95,109,80,80,80,80,33,74,89,122,126,12,12,12,12,33,69,82,110,92,0,0,0,0,33,82,68,94,110,0,0,0,0,33,89,111,91,75,81,81,81,81,33,74,90,111,89,81,81,81,81,33,90,72,88,111,82,82,82,82,33,101,112,98,78,83,83,83,83,33,70,86,112,101,84,84,84,84,33,86,64,100,112,85,85,85,85,33,93,113,91,73,86,86,86,86,33,67,84,113,93,87,87,87,87,33,84,69,92,113,88,88,88,88,33,114,116,117,115,29,29,29,29,33,120,119,114,115,89,89,89,89,33,121,120,115,117,90,90,90,90,33,118,121,117,116,91,91,91,91,33,54,55,121,118,92,92,92,92,33,55,53,120,121,93,93,93,93,33,53,52,119,120,94,94,94,94,33,52,54,118,119,95,95,95,95,33,124,133,145,136,12,12,12,12,33,126,122,134,138,12,12,12,12,33,123,124,136,135,12,12,12,12,33,128,129,141,140,12,12,12,12,33,104,101,131,132,12,12,12,12,33,97,79,128,127,12,12,12,12,33,110,94,125,133,12,12,12,12,33,78,97,127,130,12,12,12,12,33,94,74,126,125,12,12,12,12,33,101,78,130,131,12,12,12,12,33,75,92,124,123,12,12,12,12,33,89,75,123,122,12,12,12,12,33,138,134,146,150,12,12,12,12,33,135,136,148,147,12,12,12,12,33,140,141,153,152,12,12,12,12,33,143,142,154,155,12,12,12,12,33,125,126,138,137,12,12,12,12,33,129,132,144,141,12,12,12,12,33,130,127,139,142,12,12,12,12,33,133,125,137,145,12,12,12,12,33,127,128,140,139,12,12,12,12,33,132,131,143,144,12,12,12,12,33,122,123,135,134,12,12,12,12,33,131,130,142,143,12,12,12,12,33,147,148,160,159,96,96,96,96,33,152,153,165,164,97,97,97,97,33,155,154,166,167,98,98,98,98,33,146,147,159,158,99,99,99,99,33,136,145,157,148,12,12,12,12,33,137,138,150,149,12,12,12,12,33,141,144,156,153,12,12,12,12,33,142,139,151,154,12,12,12,12,33,145,137,149,157,12,12,12,12,33,139,140,152,151,12,12,12,12,33,144,143,155,156,12,12,12,12,33,134,135,147,146,12,12,12,12,33,169,161,162,158,100,100,100,100,33,168,167,166,163,68,68,68,68,33,165,168,163,164,68,68,68,68,33,160,169,158,159,101,101,101,101,33,150,146,158,162,102,102,102,102,33,148,157,169,160,103,103,103,103,33,149,150,162,161,104,104,104,104,33,153,156,168,165,105,105,105,105,33,154,151,163,166,106,106,106,106,33,157,149,161,169,103,103,103,103,33,151,152,164,163,107,107,107,107,33,156,155,167,168,108,108,108,108,33,174,176,172,173,0,0,0,0,33,170,171,177,175,0,0,0,0,33,184,183,175,177,109,109,109,109,33,182,185,171,170,110,110,110,110,33,179,178,190,192,111,111,111,111,33,181,180,174,173,112,112,112,112,33,180,179,176,174,113,113,113,113,33,178,181,173,172,114,114,114,114,33,18,19,181,178,115,115,115,115,33,49,51,179,180,116,116,116,116,33,19,49,180,181,117,117,117,117,33,51,18,178,179,118,118,118,118,33,9,50,184,185,119,119,119,119,33,8,9,185,182,120,120,120,120,33,50,48,183,184,121,121,121,121,33,48,8,182,183,122,122,122,122,33,192,190,187,186,123,123,123,123,33,191,193,189,188,124,124,124,124,33,185,184,193,191,125,125,125,125,33,176,179,192,186,126,126,126,126,33,184,177,189,193,127,127,127,127,33,172,176,186,187,50,50,50,50,33,171,185,191,188,128,128,128,128,33,177,171,188,189,129,129,129,129],