{
    "metadata":{
        "version":3,
        "normals":18,
        "uvs":0,
        "generator":"io_three",
        "vertices":30,
        "type":"Geometry",
        "faces":22
    },
    "normals":[-0.54738,0.573443,0.609485,0.60799,0.523392,0.596942,0.747765,0.66393,0,0.60799,0.523392,-0.596942,-0.54738,0.573443,-0.609485,-0.677328,0.735649,0,-0.868618,-0.495407,-0.005036,0.817774,-0.572893,0.054598,0.817774,-0.572893,-0.054598,-0.868618,-0.495407,0.005036,-0.921171,-0.389141,0,0.872005,-0.489456,0,0.707022,-0.707175,0,0.404096,-0.764916,0.501572,0.404096,-0.764916,-0.501572,-0.421003,-0.756493,0.500443,-0.421003,-0.756493,-0.500443,-0.733238,-0.679952,0],
    "uvs":[],
    "name":"CubeGeometry",
    "vertices":[1.26542,3.45803,-0.333333,1.26542,3.45803,0.333334,1.26542,3.45803,1e-06,0.878423,3.45803,-0.333333,0.878423,3.45803,0.333334,0.878423,3.45803,0,1.26542,3.45803,1e-06,1.26542,3.45803,0.333334,0.878423,3.45803,0.333334,1.26542,3.45803,-0.333333,0.878423,3.45803,-0.333333,0.878423,3.45803,0,1.26542,2.68796,0,1.26542,2.68796,0.183524,0.878423,2.68796,0.183524,1.26542,2.68796,-0.183523,0.878423,2.68796,-0.183523,0.878423,2.68796,0,1.1327,1.57421,0,1.1327,1.57421,0.086292,0.78629,1.57421,0.086292,1.1327,1.57421,-0.086292,0.78629,1.57421,-0.086292,0.78629,1.57421,0,1.13258,1.22947,1e-06,1.13258,1.22947,0.236109,0.760257,1.22947,0.236109,1.13258,1.22947,-0.236108,0.760257,1.22947,-0.236108,0.760257,1.22947,0],
    "faces":[32,14,13,12,0,1,2,32,12,15,16,2,3,4,32,17,14,12,5,0,2,32,12,16,17,2,4,5,33,13,14,20,19,1,0,6,7,33,16,15,21,22,4,3,8,9,33,23,22,21,18,10,9,8,11,33,20,23,18,19,6,10,11,7,33,14,17,23,20,0,5,10,6,33,15,12,18,21,3,2,11,8,33,12,13,19,18,2,1,7,11,33,17,16,22,23,5,4,9,10,33,21,18,24,27,8,11,12,13,33,18,19,25,24,11,7,14,12,33,21,22,28,27,8,9,15,13,33,20,19,25,26,6,7,14,16,33,20,23,29,26,6,10,17,16,33,23,22,28,29,10,9,15,17,32,24,25,26,12,14,16,32,26,29,28,16,17,15,32,28,27,24,15,13,12,32,26,28,24,16,15,12]
}