{
    "normals":[0,0,1,0,0.316202,0.948668,0,-0.316202,0.948668,-0.999054,-0.042695,0.006256,0,0.707083,0.707083,-0.614277,0.77398,0.153569,0,0.867641,0.497177,-0.780999,-0.580279,0.230781,-0.90347,0.335246,0.266976,0,-0.707083,0.707083,-0.125217,0.146489,-0.981231,0,-1,0,-0.707083,0,0.707083,-0.687857,0.248146,-0.682058,-0.780999,-0.580279,-0.230781,-0.90347,0.335276,-0.266976,-0.998047,0.058931,-0.019776,-0.976012,0.217658,0,-0.53621,0.84405,0,-0.4326,0.780206,-0.451766,-0.125217,0.146489,0.981231,-0.11243,0.878628,0.464034,-0.4326,0.780206,0.451766,-0.687857,0.248146,0.682058,0,1,0,-0.11243,0.878628,-0.464034,0,-0.242531,0.970122,-0.316202,0,0.948668,0.707083,0,0.707083,0.646321,-0.140599,0.749962,-0.281838,-0.061312,0.957488,-0.646321,-0.140599,0.749962,-0.707083,-0.707083,0,-0.588122,-0.624073,0.514359,0.588122,-0.624073,-0.514359,-0.588122,-0.624073,-0.514359,0.281838,-0.061312,0.957488,0.707083,-0.707083,0,0.588122,-0.624073,0.514359],
    "vertices":[1.68786,0.332714,0.333334,0.175022,0.332714,0.333333,0.175023,0.332714,-0.333333,0.175023,-0.333952,0.333333,0.175023,-0.333952,-0.333334,1.68786,0.332714,0.333334,0.175022,0.332714,0.333333,0.175023,0.332714,-0.333333,0.175023,-0.333952,0.333333,0.175023,-0.333952,-0.333334,1.68786,-0.333952,-0.333333,1.68616,0.332714,0.333334,0.176717,0.332714,0.333333,0.176717,0.332714,-0.333333,0.176717,-0.333952,0.333333,0.176717,-0.333952,-0.333334,1.68616,-0.333952,-0.333333,-0.177517,0.332714,0.194126,-0.177517,0.332714,-0.194126,-0.333982,-0.333952,0.333333,-0.333982,-0.333952,-0.333334,2.19686,-0.333952,-0.333332,2.19686,-0.333952,0.333334,0.176717,0.332714,-0,0.176717,-0.333952,-0,0.176717,-0.000619,0.333333,0.176717,-0.000619,-0.333333,-0.177517,0.332714,-0,-0.333982,-0.333952,-0,-0.333982,-0.000619,0.333333,-0.333982,-0.000619,-0.333334,0.053017,-0.333952,-0.333334,0.053017,0.332714,-0.194126,0.053017,-0.333952,0.333333,0.053017,0.332714,0.194126,2.19686,-0.333952,1e-06,1.80986,-0.333952,-0.333333,1.80986,-0.333952,0.333334,1.80986,-0.333952,1e-06,0.053017,0.332714,-0,0.053017,-0.000619,0.333333,0.053017,-0.333952,-0,-0.333982,-0.000619,-0,0.053017,-0.000619,-0.333334,-0.333982,-0.333952,-0,-0.333982,-0.333952,-0.333334,0.053017,-0.333952,-0.333334,0.053017,-0.333952,0.333333,-0.333982,-0.333952,0.333333,2.19686,-0.333952,1e-06,2.19686,-0.333952,0.333334,1.80986,-0.333952,0.333334,2.19686,-0.333952,-0.333332,1.80986,-0.333952,-0.333333,1.80986,-0.333952,1e-06,0.053017,-0.333952,-0,-0.333982,-0.333952,-0,-0.333982,-0.333952,-0.333334,0.053017,-0.333952,-0.333334,0.053017,-0.333952,0.333333,-0.333982,-0.333952,0.333333,2.19686,-0.333952,1e-06,2.19686,-0.333952,0.333334,1.80986,-0.333952,0.333334,2.19686,-0.333952,-0.333332,1.80986,-0.333952,-0.333333,1.80986,-0.333952,1e-06,0.053017,-0.333952,-0,-0.333982,-1.10402,-0,-0.333982,-1.10402,-0.183524,0.053017,-1.10402,-0.183524,0.053017,-1.10402,0.183524,-0.333982,-1.10402,0.183524,0.053017,-1.10402,-0],
    "metadata":{
        "version":3,
        "normals":39,
        "vertices":74,
        "uvs":0,
        "generator":"io_three",
        "type":"Geometry",
        "faces":56
    },
    "faces":[33,2,4,9,7,0,0,1,2,32,15,9,8,3,1,4,32,8,14,24,4,5,6,32,8,24,15,4,6,3,32,13,7,9,7,2,1,32,9,15,26,1,3,8,32,9,26,13,1,8,7,33,1,2,7,6,0,0,2,9,33,4,3,8,9,0,0,4,1,33,3,1,6,8,0,0,9,4,33,43,31,20,30,10,11,12,13,32,14,8,6,5,4,9,32,6,12,25,9,14,15,32,6,25,14,9,15,5,32,12,6,7,14,9,2,32,7,13,23,2,7,16,32,7,23,12,2,16,14,33,42,27,18,30,17,18,19,13,33,40,34,17,29,20,21,22,23,33,39,32,18,27,24,25,19,18,33,31,41,55,46,11,9,0,0,33,34,39,27,17,21,24,18,22,33,12,23,39,34,14,16,24,21,33,23,13,32,39,16,7,25,24,33,33,40,29,19,26,20,23,27,33,14,25,40,33,5,15,20,26,33,25,12,34,40,15,14,21,20,33,19,28,44,48,27,12,0,0,33,15,24,41,31,3,6,9,11,33,24,14,33,41,6,5,26,9,33,28,42,30,20,12,17,13,12,33,19,29,42,28,27,23,17,12,33,29,17,27,42,23,22,18,17,33,32,43,30,18,25,10,13,19,33,13,26,43,32,7,8,10,25,33,26,15,31,43,8,3,11,10,33,46,55,67,58,0,0,28,29,33,48,44,56,60,0,0,12,30,33,45,46,58,57,0,0,29,31,33,41,33,47,55,9,26,0,0,33,33,19,48,47,26,27,0,0,33,20,31,46,45,12,11,0,0,33,28,20,45,44,12,12,0,0,33,60,56,68,72,30,12,32,33,33,57,58,70,69,31,29,34,35,33,47,48,60,59,0,0,30,36,33,55,47,59,67,0,0,36,28,33,44,45,57,56,0,0,31,12,33,58,67,73,70,29,28,37,34,33,59,60,72,71,36,30,33,38,33,67,59,71,73,28,36,38,37,33,56,57,69,68,12,31,35,32,32,68,69,70,32,35,34,32,70,73,71,34,37,38,32,71,72,68,38,33,32,32,70,71,68,34,38,32],
    "uvs":[]
}