{
    "vertices":[-0.088812,-4.65268,0.088812,-0.088812,-4.65268,-0.088812,0.088812,-4.65268,-0.088812,0.088812,-4.65268,0.088812,-0.088812,6.26126,0.088812,-0.088812,6.26126,-0.088812,0.088812,6.26126,-0.088812,0.088812,6.26126,0.088812,-0.142438,5.60332,0.142438,-0.142438,5.60332,-0.142439,0.142438,5.60332,-0.142438,0.142438,5.60332,0.142438,-0.142438,5.83822,0.142438,-0.142438,5.83822,-0.142439,0.142438,5.83822,-0.142439,0.142438,5.83822,0.142438,-0.093858,5.64337,-0.198992,0.093858,5.64337,-0.198992,-0.093858,5.79816,-0.198992,0.093858,5.79816,-0.198992,-0.093857,5.7736,-0.542914,0.093859,5.7736,-0.542914,-0.093857,5.77365,-0.388128,0.093859,5.77365,-0.388128,-0.768397,5.83194,-1.43623,0.768398,5.83194,-1.43623,-0.768397,5.83228,-0.388147,0.768398,5.83228,-0.388147,-0.256132,5.83185,-1.72991,0.256133,5.83185,-1.72991,-0.768397,5.83206,-1.08687,-0.768397,5.83217,-0.737507,0.768398,5.83206,-1.08687,0.768398,5.83217,-0.737507,-0.256132,5.83228,-0.388147,0.256133,5.83228,-0.388147,-0.256132,5.83206,-1.08687,0.256133,5.83206,-1.08687,-0.256132,5.83217,-0.737507,0.256133,5.83217,-0.737507,-0.093857,5.70471,-0.543975,0.093859,5.70471,-0.543975,-0.093857,5.70477,-0.389189,0.093859,5.70477,-0.389189,0.256133,5.76296,-1.73097,0.768398,5.76305,-1.43729,-0.768397,5.76328,-0.738568,-0.768397,5.7634,-0.389208,0.768398,5.76328,-0.738568,0.768398,5.7634,-0.389208,-0.768397,5.76305,-1.43729,-0.256132,5.76296,-1.73097,-0.768397,5.76317,-1.08793,0.768398,5.76317,-1.08793],
    "uvs":[],
    "normals":[-0.575945,-0.580065,0.575945,-0.575945,-0.580065,-0.575945,0.575945,-0.580065,-0.575945,0.575945,-0.580065,0.575945,-0.541551,0.642933,0.541551,0.541551,0.642933,0.541551,0.541551,0.642933,-0.541551,-0.541551,0.642933,-0.541551,-0.70452,0.085238,0.70452,-0.794153,0.238197,-0.559069,0.794153,0.238197,-0.559069,0.70452,0.085238,0.70452,-0.707083,-0.003662,0.707083,0.707083,-0.003662,0.707083,0.803095,-0.162328,-0.57326,-0.803095,-0.162328,-0.57326,-0.567583,0.630055,-0.529923,-0.521897,-0.611316,-0.594867,0.567583,0.630055,-0.529923,0.521897,-0.611316,-0.594867,-0.561266,-0.684591,0.465041,0.293069,0.307688,0.905209,-0.57683,0.573473,0.581683,-0.293069,0.307718,0.905209,0.57683,0.573473,0.581683,0,0.707327,0.70687,0.561266,-0.684591,0.465041,0,1,-0.000305,0.707083,0.707083,-0.000214,-0.261391,-0.92172,0.286477,-0.554521,-0.607837,0.568285,-0.707083,0.707083,-0.000214,-0.737114,-0.675741,0.000214,-0.600391,-0.553606,0.577074,-0.685537,0.612568,-0.393384,-0.194006,0.658895,-0.726737,-0.191229,-0.633015,-0.750114,-0.689322,-0.594958,-0.413312,0.194006,0.658895,-0.726737,0.685537,0.612568,-0.393384,0.261391,-0.92172,0.286477,0.554521,-0.607837,0.568285,0.600391,-0.553606,0.577074,0.689322,-0.594958,-0.413312,0.737114,-0.675741,0.000214,0.191229,-0.633015,-0.750114],
    "metadata":{
        "vertices":54,
        "uvs":0,
        "version":3,
        "type":"Geometry",
        "normals":46,
        "generator":"io_three",
        "faces":60
    },
    "faces":[33,0,1,2,3,0,1,2,3,33,4,7,6,5,4,5,6,7,33,12,4,5,13,8,4,7,9,33,13,5,6,14,9,7,6,10,33,14,6,7,15,10,6,5,11,33,8,0,3,11,12,0,3,13,33,12,8,11,15,8,12,13,11,33,2,10,11,3,2,14,13,3,33,1,9,10,2,1,15,14,2,33,0,8,9,1,0,12,15,1,33,4,12,15,7,4,8,11,5,33,10,14,15,11,14,10,11,13,33,9,13,18,16,15,9,16,17,33,8,12,13,9,12,8,9,15,33,19,17,21,23,18,19,20,21,33,13,14,19,18,9,10,18,16,33,14,10,17,19,10,14,19,18,33,10,9,16,17,14,15,17,19,32,26,22,23,22,23,21,32,23,27,35,21,24,25,32,34,26,23,25,22,21,32,23,35,34,21,25,25,33,17,16,20,21,19,17,26,20,33,18,19,23,22,16,18,21,23,33,16,18,22,20,17,16,23,26,33,39,35,27,33,27,25,24,28,33,23,21,41,43,21,20,29,30,33,26,31,46,47,22,31,32,33,33,24,28,51,50,34,35,36,37,33,29,37,32,25,38,27,28,39,33,37,39,33,32,27,27,28,28,33,24,30,36,28,34,31,27,35,33,28,36,37,29,35,27,27,38,33,30,31,38,36,31,31,27,27,33,36,38,39,37,27,27,27,27,33,31,26,34,38,31,22,25,27,33,38,34,35,39,27,25,25,27,32,50,40,42,37,40,41,32,42,47,46,41,33,32,32,52,50,42,32,37,41,32,42,46,52,41,32,32,32,49,43,41,42,30,29,32,41,45,53,29,43,44,32,48,49,41,44,42,29,32,41,53,48,29,44,44,32,45,41,40,43,29,40,32,40,50,51,40,37,36,32,51,44,45,36,45,43,32,40,51,45,40,36,43,33,28,29,44,51,35,38,45,36,33,33,27,49,48,28,24,42,44,33,30,24,50,52,31,34,37,32,33,31,30,52,46,31,31,32,32,33,27,23,43,49,24,21,30,42,33,25,32,53,45,39,28,44,43,33,22,26,47,42,23,22,33,41,33,32,33,48,53,28,28,44,44,33,21,20,40,41,20,26,40,29,33,29,25,45,44,38,39,43,45,33,20,22,42,40,26,23,41,40],
    "name":"CubeGeometry"
}