{
    "vertices":[0.604771,-1,-0.063148,0.604771,-1,0.063148,-0.604771,-1,0.063148,-0.604771,-1,-0.063148,0.48181,1,-0.036066,0.481809,1,0.036066,-0.48181,1,0.036066,-0.481809,1,-0.036066,0.604772,-0,-0.107927,0.604771,0,0.107927,-0.604772,0,0.107927,-0.604771,-0,-0.107927,0.604772,0.892108,-0.074024,0.604771,0.892108,0.074024,-0.604772,0.892108,0.074024,-0.604771,0.892108,-0.074024,0.451235,1,-0.02167,0.451235,1,0.02167,-0.451235,1,-0.02167,-0.451235,1,0.02167,0.451235,0.206403,-0.02167,0.451235,0.206403,0.02167,-0.451235,0.206403,-0.02167,-0.451235,0.206403,0.02167],
    "uvs":[],
    "normals":[0,-1,0,-0,1,0,0.659542,0.751668,4e-06,-0,0.331873,0.943324,-0.659542,0.751668,-1e-06,0,-0.044734,-0.998999,0,0.037976,-0.999279,-1,-0,-2e-06,-0,-0.044734,0.998999,1,0,1e-06,0,0.331873,-0.943324,-1,-0,-1e-06,-0,0.037976,0.999279,1,-0,3e-06,0,-0,-1,0,1,0,0,1,0,0,1,-0,-1,-0,-1.1e-05,1,0,3e-06,-0,0,1],
    "metadata":{
        "vertices":24,
        "uvs":0,
        "version":3,
        "type":"Geometry",
        "normals":21,
        "generator":"io_three",
        "faces":22
    },
    "faces":[33,0,1,2,3,0,0,0,0,33,5,4,16,17,1,1,1,1,33,12,4,5,13,2,2,2,2,33,13,5,6,14,3,3,3,3,33,14,6,7,15,4,4,4,4,33,8,0,3,11,5,5,5,5,33,12,8,11,15,6,6,6,6,33,2,10,11,3,7,7,7,7,33,1,9,10,2,8,8,8,8,33,0,8,9,1,9,9,9,9,33,4,12,15,7,10,10,10,10,33,10,14,15,11,11,11,11,11,33,9,13,14,10,12,12,12,12,33,8,12,13,9,13,13,13,13,33,19,17,21,23,14,14,14,14,33,7,6,19,18,15,15,15,15,33,4,7,18,16,16,16,16,16,33,6,5,17,19,17,17,17,17,33,20,22,23,21,16,16,16,16,33,17,16,20,21,18,18,18,18,33,18,19,23,22,19,19,19,19,33,16,18,22,20,20,20,20,20],
    "name":"CubeGeometry"
}