{
    "faces":[33,0,1,2,3,0,1,2,3,33,4,7,6,5,4,5,6,7,33,8,4,5,9,8,4,7,9,32,29,9,5,10,9,7,32,5,6,10,7,6,11,32,5,10,29,7,11,10,33,10,6,7,11,11,6,5,12,32,31,12,0,13,14,0,32,0,3,15,0,3,15,32,0,15,31,0,15,13,32,7,4,8,5,4,8,32,28,11,7,16,12,5,32,8,28,7,8,16,5,32,37,42,19,17,18,19,33,55,29,10,26,20,10,11,20,33,54,40,17,32,21,22,23,24,33,0,12,13,1,0,14,25,1,32,2,1,13,2,1,25,32,30,14,2,26,27,2,32,13,30,2,25,26,2,33,2,14,15,3,2,27,15,3,33,53,31,15,27,28,13,15,29,33,52,36,23,35,30,31,32,33,33,51,37,19,33,34,17,19,35,32,36,43,23,31,36,32,32,39,45,20,37,38,39,33,50,46,22,35,40,41,42,33,32,38,41,16,43,44,45,33,49,47,18,33,46,47,48,35,33,48,44,21,34,49,50,51,52,33,45,48,34,20,38,49,52,39,33,14,26,48,45,27,20,49,38,33,26,10,44,48,20,11,50,49,33,42,49,33,19,18,46,35,19,33,9,25,49,42,9,20,46,18,33,25,13,47,49,20,25,47,46,32,47,41,38,47,44,43,32,47,38,18,47,43,48,33,13,12,41,47,25,14,44,47,33,43,50,35,23,36,40,33,32,33,11,27,50,43,12,29,40,36,33,27,15,46,50,29,15,41,40,32,46,45,39,41,38,37,32,46,39,22,41,37,42,33,15,14,45,46,15,27,38,41,32,44,43,36,50,36,31,32,44,36,21,50,31,51,33,10,11,43,44,11,12,36,50,33,38,51,33,18,43,34,35,48,33,16,32,51,38,45,24,34,43,33,32,17,37,51,24,23,17,34,33,39,52,35,22,37,30,33,42,33,20,34,52,39,39,52,30,37,33,34,21,36,52,52,51,31,30,33,28,53,27,11,16,28,29,12,33,8,24,53,28,8,28,28,16,33,24,12,31,53,28,14,13,28,33,41,54,32,16,44,21,24,45,33,12,24,54,41,14,28,21,44,33,24,8,40,54,28,8,22,21,33,30,55,26,14,26,20,20,27,33,13,25,55,30,25,20,20,26,33,25,9,29,55,20,9,10,20,32,40,42,37,22,18,17,32,40,37,17,22,17,23,33,8,9,42,40,8,9,18,22],
    "name":"CubeGeometry",
    "vertices":[-0.122371,-0.024134,0.122371,-0.122371,-0.024134,-0.122371,0.122371,-0.024134,-0.122371,0.122371,-0.024134,0.122371,-0.122371,4.13944,0.12237,-0.122371,4.13944,-0.122371,0.122371,4.13944,-0.122371,0.122371,4.13944,0.12237,-0.122371,3.47114,0.12237,-0.122371,3.47114,-0.122371,0.122371,3.47114,-0.122371,0.122371,3.47114,0.12237,-0.122371,3.34722,0.12237,-0.122371,3.34722,-0.122371,0.122371,3.34722,-0.122371,0.122371,3.34722,0.12237,-0.626264,3.34722,0.12237,-0.626264,3.47114,0.12237,-0.626264,3.34722,-0.122371,-0.626264,3.47114,-0.122371,0.626264,3.34722,-0.122371,0.626264,3.47114,-0.122371,0.626264,3.34722,0.12237,0.626264,3.47114,0.12237,-0.122371,3.40918,0.282472,-0.122371,3.40918,-0.282472,0.122371,3.40918,-0.282472,0.122371,3.40918,0.282472,-0,3.47114,0.12237,0,3.47114,-0.122371,0,3.34722,-0.122371,-0,3.34722,0.12237,-0.626264,3.40918,0.157395,-0.626264,3.40918,-0.157396,0.626264,3.40918,-0.157396,0.626264,3.40918,0.157395,0.781067,3.47114,-0,-0.781067,3.47114,-0,-0.781067,3.34722,-0,0.781067,3.34722,-0,-0.451719,3.47114,0.12237,-0.451719,3.34722,0.12237,-0.451718,3.47114,-0.122371,0.451719,3.47114,0.12237,0.451719,3.47114,-0.122371,0.451719,3.34722,-0.122371,0.451719,3.34722,0.12237,-0.451718,3.34722,-0.122371,0.451719,3.40918,-0.282472,-0.451718,3.40918,-0.282472,0.451719,3.40918,0.282472,-0.781067,3.40918,-0,0.781067,3.40918,-0,-0,3.40918,0.282472,-0.451719,3.40918,0.282472,0,3.40918,-0.282472],
    "metadata":{
        "faces":66,
        "normals":53,
        "type":"Geometry",
        "generator":"io_three",
        "vertices":56,
        "version":3,
        "uvs":0
    },
    "normals":[-0.577349,-0.577349,0.577349,-0.577349,-0.577349,-0.577349,0.577349,-0.577349,-0.577349,0.577349,-0.577349,0.577349,-0.577349,0.577349,0.577349,0.577349,0.577349,0.577349,0.577349,0.577349,-0.577349,-0.577349,0.577349,-0.577349,-0.286599,0.821162,0.493484,-0.286599,0.821162,-0.493484,0,0.565264,-0.824885,0.286599,0.821162,-0.493484,0.286599,0.821162,0.493484,0,-0.565264,0.824885,-0.286599,-0.821162,0.493484,0.286599,-0.821162,0.493484,0,0.565264,0.824885,-0.720725,0.693167,0,-0.048738,0.972106,-0.229316,-0.309427,0.841243,-0.443342,0,0,-1,-0.169683,0,0.985473,-0.048738,0.972106,0.229316,-0.309427,0.841243,0.443342,-0.524674,0,0.851283,-0.286599,-0.821162,-0.493484,0,-0.565264,-0.824885,0.286599,-0.821162,-0.493484,0,0,1,0,0,0.999969,1,0,0,0.720725,0.693167,0,0.309427,0.841243,0.443342,0.524674,0,0.851283,-1,0,0,-0.524674,0,-0.851283,0.048738,0.972106,0.229316,0.720725,-0.693167,0,0.048738,-0.972106,-0.229316,0.309427,-0.841243,-0.443342,0.169683,0,0.985473,0.048738,-0.972106,0.229316,0.309427,-0.841243,0.443342,-0.720725,-0.693167,0,-0.048738,-0.972106,0.229316,-0.309427,-0.841243,0.443342,-0.169683,0,-0.985473,-0.048738,-0.972106,-0.229316,-0.309427,-0.841243,-0.443342,0.169683,0,-0.985473,0.048738,0.972106,-0.229316,0.309427,0.841243,-0.443342,0.524674,0,-0.851283],
    "uvs":[]
}